datetime,socket_000_charger_power_kw,socket_000_battery_kwh,socket_000_vehicle_type,socket_000_soc_current,socket_000_soc_arrival,socket_000_soc_target,socket_000_active,socket_000_charging_power_kw,socket_000_vehicle_count,socket_001_charger_power_kw,socket_001_battery_kwh,socket_001_vehicle_type,socket_001_soc_current,socket_001_soc_arrival,socket_001_soc_target,socket_001_active,socket_001_charging_power_kw,socket_001_vehicle_count,socket_002_charger_power_kw,socket_002_battery_kwh,socket_002_vehicle_type,socket_002_soc_current,socket_002_soc_arrival,socket_002_soc_target,socket_002_active,socket_002_charging_power_kw,socket_002_vehicle_count,socket_003_charger_power_kw,socket_003_battery_kwh,socket_003_vehicle_type,socket_003_soc_current,socket_003_soc_arrival,socket_003_soc_target,socket_003_active,socket_003_charging_power_kw,socket_003_vehicle_count,socket_004_charger_power_kw,socket_004_battery_kwh,socket_004_vehicle_type,socket_004_soc_current,socket_004_soc_arrival,socket_004_soc_target,socket_004_active,socket_004_charging_power_kw,socket_004_vehicle_count,socket_005_charger_power_kw,socket_005_battery_kwh,socket_005_vehicle_type,socket_005_soc_current,socket_005_soc_arrival,socket_005_soc_target,socket_005_active,socket_005_charging_power_kw,socket_005_vehicle_count,socket_006_charger_power_kw,socket_006_battery_kwh,socket_006_vehicle_type,socket_006_soc_current,socket_006_soc_arrival,socket_006_soc_target,socket_006_active,socket_006_charging_power_kw,socket_006_vehicle_count,socket_007_charger_power_kw,socket_007_battery_kwh,socket_007_vehicle_type,socket_007_soc_current,socket_007_soc_arrival,socket_007_soc_target,socket_007_active,socket_007_charging_power_kw,socket_007_vehicle_count,socket_008_charger_power_kw,socket_008_battery_kwh,socket_008_vehicle_type,socket_008_soc_current,socket_008_soc_arrival,socket_008_soc_target,socket_008_active,socket_008_charging_power_kw,socket_008_vehicle_count,socket_009_charger_power_kw,socket_009_battery_kwh,socket_009_vehicle_type,socket_009_soc_current,socket_009_soc_arrival,socket_009_soc_target,socket_009_active,socket_009_charging_power_kw,socket_009_vehicle_count,socket_010_charger_power_kw,socket_010_battery_kwh,socket_010_vehicle_type,socket_010_soc_current,socket_010_soc_arrival,socket_010_soc_target,socket_010_active,socket_010_charging_power_kw,socket_010_vehicle_count,socket_011_charger_power_kw,socket_011_battery_kwh,socket_011_vehicle_type,socket_011_soc_current,socket_011_soc_arrival,socket_011_soc_target,socket_011_active,socket_011_charging_power_kw,socket_011_vehicle_count,socket_012_charger_power_kw,socket_012_battery_kwh,socket_012_vehicle_type,socket_012_soc_current,socket_012_soc_arrival,socket_012_soc_target,socket_012_active,socket_012_charging_power_kw,socket_012_vehicle_count,socket_013_charger_power_kw,socket_013_battery_kwh,socket_013_vehicle_type,socket_013_soc_current,socket_013_soc_arrival,socket_013_soc_target,socket_013_active,socket_013_charging_power_kw,socket_013_vehicle_count,socket_014_charger_power_kw,socket_014_battery_kwh,socket_014_vehicle_type,socket_014_soc_current,socket_014_soc_arrival,socket_014_soc_target,socket_014_active,socket_014_charging_power_kw,socket_014_vehicle_count,socket_015_charger_power_kw,socket_015_battery_kwh,socket_015_vehicle_type,socket_015_soc_current,socket_015_soc_arrival,socket_015_soc_target,socket_015_active,socket_015_charging_power_kw,socket_015_vehicle_count,socket_016_charger_power_kw,socket_016_battery_kwh,socket_016_vehicle_type,socket_016_soc_current,socket_016_soc_arrival,socket_016_soc_target,socket_016_active,socket_016_charging_power_kw,socket_016_vehicle_count,socket_017_charger_power_kw,socket_017_battery_kwh,socket_017_vehicle_type,socket_017_soc_current,socket_017_soc_arrival,socket_017_soc_target,socket_017_active,socket_017_charging_power_kw,socket_017_vehicle_count,socket_018_charger_power_kw,socket_018_battery_kwh,socket_018_vehicle_type,socket_018_soc_current,socket_018_soc_arrival,socket_018_soc_target,socket_018_active,socket_018_charging_power_kw,socket_018_vehicle_count,socket_019_charger_power_kw,socket_019_battery_kwh,socket_019_vehicle_type,socket_019_soc_current,socket_019_soc_arrival,socket_019_soc_target,socket_019_active,socket_019_charging_power_kw,socket_019_vehicle_count,socket_020_charger_power_kw,socket_020_battery_kwh,socket_020_vehicle_type,socket_020_soc_current,socket_020_soc_arrival,socket_020_soc_target,socket_020_active,socket_020_charging_power_kw,socket_020_vehicle_count,socket_021_charger_power_kw,socket_021_battery_kwh,socket_021_vehicle_type,socket_021_soc_current,socket_021_soc_arrival,socket_021_soc_target,socket_021_active,socket_021_charging_power_kw,socket_021_vehicle_count,socket_022_charger_power_kw,socket_022_battery_kwh,socket_022_vehicle_type,socket_022_soc_current,socket_022_soc_arrival,socket_022_soc_target,socket_022_active,socket_022_charging_power_kw,socket_022_vehicle_count,socket_023_charger_power_kw,socket_023_battery_kwh,socket_023_vehicle_type,socket_023_soc_current,socket_023_soc_arrival,socket_023_soc_target,socket_023_active,socket_023_charging_power_kw,socket_023_vehicle_count,socket_024_charger_power_kw,socket_024_battery_kwh,socket_024_vehicle_type,socket_024_soc_current,socket_024_soc_arrival,socket_024_soc_target,socket_024_active,socket_024_charging_power_kw,socket_024_vehicle_count,socket_025_charger_power_kw,socket_025_battery_kwh,socket_025_vehicle_type,socket_025_soc_current,socket_025_soc_arrival,socket_025_soc_target,socket_025_active,socket_025_charging_power_kw,socket_025_vehicle_count,socket_026_charger_power_kw,socket_026_battery_kwh,socket_026_vehicle_type,socket_026_soc_current,socket_026_soc_arrival,socket_026_soc_target,socket_026_active,socket_026_charging_power_kw,socket_026_vehicle_count,socket_027_charger_power_kw,socket_027_battery_kwh,socket_027_vehicle_type,socket_027_soc_current,socket_027_soc_arrival,socket_027_soc_target,socket_027_active,socket_027_charging_power_kw,socket_027_vehicle_count,socket_028_charger_power_kw,socket_028_battery_kwh,socket_028_vehicle_type,socket_028_soc_current,socket_028_soc_arrival,socket_028_soc_target,socket_028_active,socket_028_charging_power_kw,socket_028_vehicle_count,socket_029_charger_power_kw,socket_029_battery_kwh,socket_029_vehicle_type,socket_029_soc_current,socket_029_soc_arrival,socket_029_soc_target,socket_029_active,socket_029_charging_power_kw,socket_029_vehicle_count,socket_030_charger_power_kw,socket_030_battery_kwh,socket_030_vehicle_type,socket_030_soc_current,socket_030_soc_arrival,socket_030_soc_target,socket_030_active,socket_030_charging_power_kw,socket_030_vehicle_count,socket_031_charger_power_kw,socket_031_battery_kwh,socket_031_vehicle_type,socket_031_soc_current,socket_031_soc_arrival,socket_031_soc_target,socket_031_active,socket_031_charging_power_kw,socket_031_vehicle_count,socket_032_charger_power_kw,socket_032_battery_kwh,socket_032_vehicle_type,socket_032_soc_current,socket_032_soc_arrival,socket_032_soc_target,socket_032_active,socket_032_charging_power_kw,socket_032_vehicle_count,socket_033_charger_power_kw,socket_033_battery_kwh,socket_033_vehicle_type,socket_033_soc_current,socket_033_soc_arrival,socket_033_soc_target,socket_033_active,socket_033_charging_power_kw,socket_033_vehicle_count,socket_034_charger_power_kw,socket_034_battery_kwh,socket_034_vehicle_type,socket_034_soc_current,socket_034_soc_arrival,socket_034_soc_target,socket_034_active,socket_034_charging_power_kw,socket_034_vehicle_count,socket_035_charger_power_kw,socket_035_battery_kwh,socket_035_vehicle_type,socket_035_soc_current,socket_035_soc_arrival,socket_035_soc_target,socket_035_active,socket_035_charging_power_kw,socket_035_vehicle_count,socket_036_charger_power_kw,socket_036_battery_kwh,socket_036_vehicle_type,socket_036_soc_current,socket_036_soc_arrival,socket_036_soc_target,socket_036_active,socket_036_charging_power_kw,socket_036_vehicle_count,socket_037_charger_power_kw,socket_037_battery_kwh,socket_037_vehicle_type,socket_037_soc_current,socket_037_soc_arrival,socket_037_soc_target,socket_037_active,socket_037_charging_power_kw,socket_037_vehicle_count,is_hora_punta,tarifa_aplicada_soles,ev_energia_total_kwh,costo_carga_ev_soles,ev_energia_motos_kwh,ev_energia_mototaxis_kwh,co2_reduccion_motos_kg,co2_reduccion_mototaxis_kg,reduccion_directa_co2_kg,ev_demand_kwh
2024-01-01 00:00:00,7.4,4.6,MOTO,0.0,0.0,0.0,0,0.0,0,7.4,4.6,MOTO,0.0,0.0,0.0,0,0.0,0,7.4,4.6,MOTO,0.0,0.0,0.0,0,0.0,0,7.4,4.6,MOTO,0.0,0.0,0.0,0,0.0,0,7.4,4.6,MOTO,0.0,0.0,0.0,0,0.0,0,7.4,4.6,MOTO,0.0,0.0,0.0,0,0.0,0,7.4,4.6,MOTO,0.0,0.0,0.0,0,0.0,0,7.4,4.6,MOTO,0.0,0.0,0.0,0,0.0,0,7.4,4.6,MOTO,0.0,0.0,0.0,0,0.0,0,7.4,4.6,MOTO,0.0,0.0,0.0,0,0.0,0,7.4,4.6,MOTO,0.0,0.0,0.0,0,0.0,0,7.4,4.6,MOTO,0.0,0.0,0.0,0,0.0,0,7.4,4.6,MOTO,0.0,0.0,0.0,0,0.0,0,7.4,4.6,MOTO,0.0,0.0,0.0,0,0.0,0,7.4,4.6,MOTO,0.0,0.0,0.0,0,0.0,0,7.4,4.6,MOTO,0.0,0.0,0.0,0,0.0,0,7.4,4.6,MOTO,0.0,0.0,0.0,0,0.0,0,7.4,4.6,MOTO,0.0,0.0,0.0,0,0.0,0,7.4,4.6,MOTO,0.0,0.0,0.0,0,0.0,0,7.4,4.6,MOTO,0.0,0.0,0.0,0,0.0,0,7.4,4.6,MOTO,0.0,0.0,0.0,0,0.0,0,7.4,4.6,MOTO,0.0,0.0,0.0,0,0.0,0,7.4,4.6,MOTO,0.0,0.0,0.0,0,0.0,0,7.4,4.6,MOTO,0.0,0.0,0.0,0,0.0,0,7.4,4.6,MOTO,0.0,0.0,0.0,0,0.0,0,7.4,4.6,MOTO,0.0,0.0,0.0,0,0.0,0,7.4,4.6,MOTO,0.0,0.0,0.0,0,0.0,0,7.4,4.6,MOTO,0.0,0.0,0.0,0,0.0,0,7.4,4.6,MOTO,0.0,0.0,0.0,0,0.0,0,7.4,4.6,MOTO,0.0,0.0,0.0,0,0.0,0,7.4,7.4,MOTOTAXI,0.0,0.0,0.0,0,0.0,0,7.4,7.4,MOTOTAXI,0.0,0.0,0.0,0,0.0,0,7.4,7.4,MOTOTAXI,0.0,0.0,0.0,0,0.0,0,7.4,7.4,MOTOTAXI,0.0,0.0,0.0,0,0.0,0,7.4,7.4,MOTOTAXI,0.0,0.0,0.0,0,0.0,0,7.4,7.4,MOTOTAXI,0.0,0.0,0.0,0,0.0,0,7.4,7.4,MOTOTAXI,0.0,0.0,0.0,0,0.0,0,7.4,7.4,MOTOTAXI,0.0,0.0,0.0,0,0.0,0,0,0.28,0.0,0.0,0.0,0.0,0.0,0.0,0.0,0.0
2024-01-01 01:00:00,7.4,4.6,MOTO,0.0,0.0,0.0,0,0.0,0,7.4,4.6,MOTO,0.0,0.0,0.0,0,0.0,0,7.4,4.6,MOTO,0.0,0.0,0.0,0,0.0,0,7.4,4.6,MOTO,0.0,0.0,0.0,0,0.0,0,7.4,4.6,MOTO,0.0,0.0,0.0,0,0.0,0,7.4,4.6,MOTO,0.0,0.0,0.0,0,0.0,0,7.4,4.6,MOTO,0.0,0.0,0.0,0,0.0,0,7.4,4.6,MOTO,0.0,0.0,0.0,0,0.0,0,7.4,4.6,MOTO,0.0,0.0,0.0,0,0.0,0,7.4,4.6,MOTO,0.0,0.0,0.0,0,0.0,0,7.4,4.6,MOTO,0.0,0.0,0.0,0,0.0,0,7.4,4.6,MOTO,0.0,0.0,0.0,0,0.0,0,7.4,4.6,MOTO,0.0,0.0,0.0,0,0.0,0,7.4,4.6,MOTO,0.0,0.0,0.0,0,0.0,0,7.4,4.6,MOTO,0.0,0.0,0.0,0,0.0,0,7.4,4.6,MOTO,0.0,0.0,0.0,0,0.0,0,7.4,4.6,MOTO,0.0,0.0,0.0,0,0.0,0,7.4,4.6,MOTO,0.0,0.0,0.0,0,0.0,0,7.4,4.6,MOTO,0.0,0.0,0.0,0,0.0,0,7.4,4.6,MOTO,0.0,0.0,0.0,0,0.0,0,7.4,4.6,MOTO,0.0,0.0,0.0,0,0.0,0,7.4,4.6,MOTO,0.0,0.0,0.0,0,0.0,0,7.4,4.6,MOTO,0.0,0.0,0.0,0,0.0,0,7.4,4.6,MOTO,0.0,0.0,0.0,0,0.0,0,7.4,4.6,MOTO,0.0,0.0,0.0,0,0.0,0,7.4,4.6,MOTO,0.0,0.0,0.0,0,0.0,0,7.4,4.6,MOTO,0.0,0.0,0.0,0,0.0,0,7.4,4.6,MOTO,0.0,0.0,0.0,0,0.0,0,7.4,4.6,MOTO,0.0,0.0,0.0,0,0.0,0,7.4,4.6,MOTO,0.0,0.0,0.0,0,0.0,0,7.4,7.4,MOTOTAXI,0.0,0.0,0.0,0,0.0,0,7.4,7.4,MOTOTAXI,0.0,0.0,0.0,0,0.0,0,7.4,7.4,MOTOTAXI,0.0,0.0,0.0,0,0.0,0,7.4,7.4,MOTOTAXI,0.0,0.0,0.0,0,0.0,0,7.4,7.4,MOTOTAXI,0.0,0.0,0.0,0,0.0,0,7.4,7.4,MOTOTAXI,0.0,0.0,0.0,0,0.0,0,7.4,7.4,MOTOTAXI,0.0,0.0,0.0,0,0.0,0,7.4,7.4,MOTOTAXI,0.0,0.0,0.0,0,0.0,0,0,0.28,0.0,0.0,0.0,0.0,0.0,0.0,0.0,0.0
2024-01-01 02:00:00,7.4,4.6,MOTO,0.0,0.0,0.0,0,0.0,0,7.4,4.6,MOTO,0.0,0.0,0.0,0,0.0,0,7.4,4.6,MOTO,0.0,0.0,0.0,0,0.0,0,7.4,4.6,MOTO,0.0,0.0,0.0,0,0.0,0,7.4,4.6,MOTO,0.0,0.0,0.0,0,0.0,0,7.4,4.6,MOTO,0.0,0.0,0.0,0,0.0,0,7.4,4.6,MOTO,0.0,0.0,0.0,0,0.0,0,7.4,4.6,MOTO,0.0,0.0,0.0,0,0.0,0,7.4,4.6,MOTO,0.0,0.0,0.0,0,0.0,0,7.4,4.6,MOTO,0.0,0.0,0.0,0,0.0,0,7.4,4.6,MOTO,0.0,0.0,0.0,0,0.0,0,7.4,4.6,MOTO,0.0,0.0,0.0,0,0.0,0,7.4,4.6,MOTO,0.0,0.0,0.0,0,0.0,0,7.4,4.6,MOTO,0.0,0.0,0.0,0,0.0,0,7.4,4.6,MOTO,0.0,0.0,0.0,0,0.0,0,7.4,4.6,MOTO,0.0,0.0,0.0,0,0.0,0,7.4,4.6,MOTO,0.0,0.0,0.0,0,0.0,0,7.4,4.6,MOTO,0.0,0.0,0.0,0,0.0,0,7.4,4.6,MOTO,0.0,0.0,0.0,0,0.0,0,7.4,4.6,MOTO,0.0,0.0,0.0,0,0.0,0,7.4,4.6,MOTO,0.0,0.0,0.0,0,0.0,0,7.4,4.6,MOTO,0.0,0.0,0.0,0,0.0,0,7.4,4.6,MOTO,0.0,0.0,0.0,0,0.0,0,7.4,4.6,MOTO,0.0,0.0,0.0,0,0.0,0,7.4,4.6,MOTO,0.0,0.0,0.0,0,0.0,0,7.4,4.6,MOTO,0.0,0.0,0.0,0,0.0,0,7.4,4.6,MOTO,0.0,0.0,0.0,0,0.0,0,7.4,4.6,MOTO,0.0,0.0,0.0,0,0.0,0,7.4,4.6,MOTO,0.0,0.0,0.0,0,0.0,0,7.4,4.6,MOTO,0.0,0.0,0.0,0,0.0,0,7.4,7.4,MOTOTAXI,0.0,0.0,0.0,0,0.0,0,7.4,7.4,MOTOTAXI,0.0,0.0,0.0,0,0.0,0,7.4,7.4,MOTOTAXI,0.0,0.0,0.0,0,0.0,0,7.4,7.4,MOTOTAXI,0.0,0.0,0.0,0,0.0,0,7.4,7.4,MOTOTAXI,0.0,0.0,0.0,0,0.0,0,7.4,7.4,MOTOTAXI,0.0,0.0,0.0,0,0.0,0,7.4,7.4,MOTOTAXI,0.0,0.0,0.0,0,0.0,0,7.4,7.4,MOTOTAXI,0.0,0.0,0.0,0,0.0,0,0,0.28,0.0,0.0,0.0,0.0,0.0,0.0,0.0,0.0
2024-01-01 03:00:00,7.4,4.6,MOTO,0.0,0.0,0.0,0,0.0,0,7.4,4.6,MOTO,0.0,0.0,0.0,0,0.0,0,7.4,4.6,MOTO,0.0,0.0,0.0,0,0.0,0,7.4,4.6,MOTO,0.0,0.0,0.0,0,0.0,0,7.4,4.6,MOTO,0.0,0.0,0.0,0,0.0,0,7.4,4.6,MOTO,0.0,0.0,0.0,0,0.0,0,7.4,4.6,MOTO,0.0,0.0,0.0,0,0.0,0,7.4,4.6,MOTO,0.0,0.0,0.0,0,0.0,0,7.4,4.6,MOTO,0.0,0.0,0.0,0,0.0,0,7.4,4.6,MOTO,0.0,0.0,0.0,0,0.0,0,7.4,4.6,MOTO,0.0,0.0,0.0,0,0.0,0,7.4,4.6,MOTO,0.0,0.0,0.0,0,0.0,0,7.4,4.6,MOTO,0.0,0.0,0.0,0,0.0,0,7.4,4.6,MOTO,0.0,0.0,0.0,0,0.0,0,7.4,4.6,MOTO,0.0,0.0,0.0,0,0.0,0,7.4,4.6,MOTO,0.0,0.0,0.0,0,0.0,0,7.4,4.6,MOTO,0.0,0.0,0.0,0,0.0,0,7.4,4.6,MOTO,0.0,0.0,0.0,0,0.0,0,7.4,4.6,MOTO,0.0,0.0,0.0,0,0.0,0,7.4,4.6,MOTO,0.0,0.0,0.0,0,0.0,0,7.4,4.6,MOTO,0.0,0.0,0.0,0,0.0,0,7.4,4.6,MOTO,0.0,0.0,0.0,0,0.0,0,7.4,4.6,MOTO,0.0,0.0,0.0,0,0.0,0,7.4,4.6,MOTO,0.0,0.0,0.0,0,0.0,0,7.4,4.6,MOTO,0.0,0.0,0.0,0,0.0,0,7.4,4.6,MOTO,0.0,0.0,0.0,0,0.0,0,7.4,4.6,MOTO,0.0,0.0,0.0,0,0.0,0,7.4,4.6,MOTO,0.0,0.0,0.0,0,0.0,0,7.4,4.6,MOTO,0.0,0.0,0.0,0,0.0,0,7.4,4.6,MOTO,0.0,0.0,0.0,0,0.0,0,7.4,7.4,MOTOTAXI,0.0,0.0,0.0,0,0.0,0,7.4,7.4,MOTOTAXI,0.0,0.0,0.0,0,0.0,0,7.4,7.4,MOTOTAXI,0.0,0.0,0.0,0,0.0,0,7.4,7.4,MOTOTAXI,0.0,0.0,0.0,0,0.0,0,7.4,7.4,MOTOTAXI,0.0,0.0,0.0,0,0.0,0,7.4,7.4,MOTOTAXI,0.0,0.0,0.0,0,0.0,0,7.4,7.4,MOTOTAXI,0.0,0.0,0.0,0,0.0,0,7.4,7.4,MOTOTAXI,0.0,0.0,0.0,0,0.0,0,0,0.28,0.0,0.0,0.0,0.0,0.0,0.0,0.0,0.0
2024-01-01 04:00:00,7.4,4.6,MOTO,0.0,0.0,0.0,0,0.0,0,7.4,4.6,MOTO,0.0,0.0,0.0,0,0.0,0,7.4,4.6,MOTO,0.0,0.0,0.0,0,0.0,0,7.4,4.6,MOTO,0.0,0.0,0.0,0,0.0,0,7.4,4.6,MOTO,0.0,0.0,0.0,0,0.0,0,7.4,4.6,MOTO,0.0,0.0,0.0,0,0.0,0,7.4,4.6,MOTO,0.0,0.0,0.0,0,0.0,0,7.4,4.6,MOTO,0.0,0.0,0.0,0,0.0,0,7.4,4.6,MOTO,0.0,0.0,0.0,0,0.0,0,7.4,4.6,MOTO,0.0,0.0,0.0,0,0.0,0,7.4,4.6,MOTO,0.0,0.0,0.0,0,0.0,0,7.4,4.6,MOTO,0.0,0.0,0.0,0,0.0,0,7.4,4.6,MOTO,0.0,0.0,0.0,0,0.0,0,7.4,4.6,MOTO,0.0,0.0,0.0,0,0.0,0,7.4,4.6,MOTO,0.0,0.0,0.0,0,0.0,0,7.4,4.6,MOTO,0.0,0.0,0.0,0,0.0,0,7.4,4.6,MOTO,0.0,0.0,0.0,0,0.0,0,7.4,4.6,MOTO,0.0,0.0,0.0,0,0.0,0,7.4,4.6,MOTO,0.0,0.0,0.0,0,0.0,0,7.4,4.6,MOTO,0.0,0.0,0.0,0,0.0,0,7.4,4.6,MOTO,0.0,0.0,0.0,0,0.0,0,7.4,4.6,MOTO,0.0,0.0,0.0,0,0.0,0,7.4,4.6,MOTO,0.0,0.0,0.0,0,0.0,0,7.4,4.6,MOTO,0.0,0.0,0.0,0,0.0,0,7.4,4.6,MOTO,0.0,0.0,0.0,0,0.0,0,7.4,4.6,MOTO,0.0,0.0,0.0,0,0.0,0,7.4,4.6,MOTO,0.0,0.0,0.0,0,0.0,0,7.4,4.6,MOTO,0.0,0.0,0.0,0,0.0,0,7.4,4.6,MOTO,0.0,0.0,0.0,0,0.0,0,7.4,4.6,MOTO,0.0,0.0,0.0,0,0.0,0,7.4,7.4,MOTOTAXI,0.0,0.0,0.0,0,0.0,0,7.4,7.4,MOTOTAXI,0.0,0.0,0.0,0,0.0,0,7.4,7.4,MOTOTAXI,0.0,0.0,0.0,0,0.0,0,7.4,7.4,MOTOTAXI,0.0,0.0,0.0,0,0.0,0,7.4,7.4,MOTOTAXI,0.0,0.0,0.0,0,0.0,0,7.4,7.4,MOTOTAXI,0.0,0.0,0.0,0,0.0,0,7.4,7.4,MOTOTAXI,0.0,0.0,0.0,0,0.0,0,7.4,7.4,MOTOTAXI,0.0,0.0,0.0,0,0.0,0,0,0.28,0.0,0.0,0.0,0.0,0.0,0.0,0.0,0.0
2024-01-01 05:00:00,7.4,4.6,MOTO,0.0,0.0,0.0,0,0.0,0,7.4,4.6,MOTO,0.0,0.0,0.0,0,0.0,0,7.4,4.6,MOTO,0.0,0.0,0.0,0,0.0,0,7.4,4.6,MOTO,0.0,0.0,0.0,0,0.0,0,7.4,4.6,MOTO,0.0,0.0,0.0,0,0.0,0,7.4,4.6,MOTO,0.0,0.0,0.0,0,0.0,0,7.4,4.6,MOTO,0.0,0.0,0.0,0,0.0,0,7.4,4.6,MOTO,0.0,0.0,0.0,0,0.0,0,7.4,4.6,MOTO,0.0,0.0,0.0,0,0.0,0,7.4,4.6,MOTO,0.0,0.0,0.0,0,0.0,0,7.4,4.6,MOTO,0.0,0.0,0.0,0,0.0,0,7.4,4.6,MOTO,0.0,0.0,0.0,0,0.0,0,7.4,4.6,MOTO,0.0,0.0,0.0,0,0.0,0,7.4,4.6,MOTO,0.0,0.0,0.0,0,0.0,0,7.4,4.6,MOTO,0.0,0.0,0.0,0,0.0,0,7.4,4.6,MOTO,0.0,0.0,0.0,0,0.0,0,7.4,4.6,MOTO,0.0,0.0,0.0,0,0.0,0,7.4,4.6,MOTO,0.0,0.0,0.0,0,0.0,0,7.4,4.6,MOTO,0.0,0.0,0.0,0,0.0,0,7.4,4.6,MOTO,0.0,0.0,0.0,0,0.0,0,7.4,4.6,MOTO,0.0,0.0,0.0,0,0.0,0,7.4,4.6,MOTO,0.0,0.0,0.0,0,0.0,0,7.4,4.6,MOTO,0.0,0.0,0.0,0,0.0,0,7.4,4.6,MOTO,0.0,0.0,0.0,0,0.0,0,7.4,4.6,MOTO,0.0,0.0,0.0,0,0.0,0,7.4,4.6,MOTO,0.0,0.0,0.0,0,0.0,0,7.4,4.6,MOTO,0.0,0.0,0.0,0,0.0,0,7.4,4.6,MOTO,0.0,0.0,0.0,0,0.0,0,7.4,4.6,MOTO,0.0,0.0,0.0,0,0.0,0,7.4,4.6,MOTO,0.0,0.0,0.0,0,0.0,0,7.4,7.4,MOTOTAXI,0.0,0.0,0.0,0,0.0,0,7.4,7.4,MOTOTAXI,0.0,0.0,0.0,0,0.0,0,7.4,7.4,MOTOTAXI,0.0,0.0,0.0,0,0.0,0,7.4,7.4,MOTOTAXI,0.0,0.0,0.0,0,0.0,0,7.4,7.4,MOTOTAXI,0.0,0.0,0.0,0,0.0,0,7.4,7.4,MOTOTAXI,0.0,0.0,0.0,0,0.0,0,7.4,7.4,MOTOTAXI,0.0,0.0,0.0,0,0.0,0,7.4,7.4,MOTOTAXI,0.0,0.0,0.0,0,0.0,0,0,0.28,0.0,0.0,0.0,0.0,0.0,0.0,0.0,0.0
2024-01-01 06:00:00,7.4,4.6,MOTO,0.0,0.0,0.0,0,0.0,0,7.4,4.6,MOTO,0.0,0.0,0.0,0,0.0,0,7.4,4.6,MOTO,0.0,0.0,0.0,0,0.0,0,7.4,4.6,MOTO,0.0,0.0,0.0,0,0.0,0,7.4,4.6,MOTO,0.0,0.0,0.0,0,0.0,0,7.4,4.6,MOTO,0.0,0.0,0.0,0,0.0,0,7.4,4.6,MOTO,0.0,0.0,0.0,0,0.0,0,7.4,4.6,MOTO,0.0,0.0,0.0,0,0.0,0,7.4,4.6,MOTO,0.0,0.0,0.0,0,0.0,0,7.4,4.6,MOTO,0.0,0.0,0.0,0,0.0,0,7.4,4.6,MOTO,0.0,0.0,0.0,0,0.0,0,7.4,4.6,MOTO,0.0,0.0,0.0,0,0.0,0,7.4,4.6,MOTO,0.0,0.0,0.0,0,0.0,0,7.4,4.6,MOTO,0.0,0.0,0.0,0,0.0,0,7.4,4.6,MOTO,0.0,0.0,0.0,0,0.0,0,7.4,4.6,MOTO,0.0,0.0,0.0,0,0.0,0,7.4,4.6,MOTO,0.0,0.0,0.0,0,0.0,0,7.4,4.6,MOTO,0.0,0.0,0.0,0,0.0,0,7.4,4.6,MOTO,0.0,0.0,0.0,0,0.0,0,7.4,4.6,MOTO,0.0,0.0,0.0,0,0.0,0,7.4,4.6,MOTO,0.0,0.0,0.0,0,0.0,0,7.4,4.6,MOTO,0.0,0.0,0.0,0,0.0,0,7.4,4.6,MOTO,0.0,0.0,0.0,0,0.0,0,7.4,4.6,MOTO,0.0,0.0,0.0,0,0.0,0,7.4,4.6,MOTO,0.0,0.0,0.0,0,0.0,0,7.4,4.6,MOTO,0.0,0.0,0.0,0,0.0,0,7.4,4.6,MOTO,0.0,0.0,0.0,0,0.0,0,7.4,4.6,MOTO,0.0,0.0,0.0,0,0.0,0,7.4,4.6,MOTO,0.0,0.0,0.0,0,0.0,0,7.4,4.6,MOTO,0.0,0.0,0.0,0,0.0,0,7.4,7.4,MOTOTAXI,0.0,0.0,0.0,0,0.0,0,7.4,7.4,MOTOTAXI,0.0,0.0,0.0,0,0.0,0,7.4,7.4,MOTOTAXI,0.0,0.0,0.0,0,0.0,0,7.4,7.4,MOTOTAXI,0.0,0.0,0.0,0,0.0,0,7.4,7.4,MOTOTAXI,0.0,0.0,0.0,0,0.0,0,7.4,7.4,MOTOTAXI,0.0,0.0,0.0,0,0.0,0,7.4,7.4,MOTOTAXI,0.0,0.0,0.0,0,0.0,0,7.4,7.4,MOTOTAXI,0.0,0.0,0.0,0,0.0,0,0,0.28,0.0,0.0,0.0,0.0,0.0,0.0,0.0,0.0
2024-01-01 07:00:00,7.4,4.6,MOTO,0.0,0.0,0.0,0,0.0,0,7.4,4.6,MOTO,0.0,0.0,0.0,0,0.0,0,7.4,4.6,MOTO,0.0,0.0,0.0,0,0.0,0,7.4,4.6,MOTO,0.0,0.0,0.0,0,0.0,0,7.4,4.6,MOTO,0.0,0.0,0.0,0,0.0,0,7.4,4.6,MOTO,0.0,0.0,0.0,0,0.0,0,7.4,4.6,MOTO,0.0,0.0,0.0,0,0.0,0,7.4,4.6,MOTO,0.0,0.0,0.0,0,0.0,0,7.4,4.6,MOTO,0.0,0.0,0.0,0,0.0,0,7.4,4.6,MOTO,0.0,0.0,0.0,0,0.0,0,7.4,4.6,MOTO,0.0,0.0,0.0,0,0.0,0,7.4,4.6,MOTO,0.0,0.0,0.0,0,0.0,0,7.4,4.6,MOTO,0.0,0.0,0.0,0,0.0,0,7.4,4.6,MOTO,0.0,0.0,0.0,0,0.0,0,7.4,4.6,MOTO,0.0,0.0,0.0,0,0.0,0,7.4,4.6,MOTO,0.0,0.0,0.0,0,0.0,0,7.4,4.6,MOTO,0.0,0.0,0.0,0,0.0,0,7.4,4.6,MOTO,0.0,0.0,0.0,0,0.0,0,7.4,4.6,MOTO,0.0,0.0,0.0,0,0.0,0,7.4,4.6,MOTO,0.0,0.0,0.0,0,0.0,0,7.4,4.6,MOTO,0.0,0.0,0.0,0,0.0,0,7.4,4.6,MOTO,0.0,0.0,0.0,0,0.0,0,7.4,4.6,MOTO,0.0,0.0,0.0,0,0.0,0,7.4,4.6,MOTO,0.0,0.0,0.0,0,0.0,0,7.4,4.6,MOTO,0.0,0.0,0.0,0,0.0,0,7.4,4.6,MOTO,0.0,0.0,0.0,0,0.0,0,7.4,4.6,MOTO,0.0,0.0,0.0,0,0.0,0,7.4,4.6,MOTO,0.0,0.0,0.0,0,0.0,0,7.4,4.6,MOTO,0.0,0.0,0.0,0,0.0,0,7.4,4.6,MOTO,0.0,0.0,0.0,0,0.0,0,7.4,7.4,MOTOTAXI,0.0,0.0,0.0,0,0.0,0,7.4,7.4,MOTOTAXI,0.0,0.0,0.0,0,0.0,0,7.4,7.4,MOTOTAXI,0.0,0.0,0.0,0,0.0,0,7.4,7.4,MOTOTAXI,0.0,0.0,0.0,0,0.0,0,7.4,7.4,MOTOTAXI,0.0,0.0,0.0,0,0.0,0,7.4,7.4,MOTOTAXI,0.0,0.0,0.0,0,0.0,0,7.4,7.4,MOTOTAXI,0.0,0.0,0.0,0,0.0,0,7.4,7.4,MOTOTAXI,0.0,0.0,0.0,0,0.0,0,0,0.28,0.0,0.0,0.0,0.0,0.0,0.0,0.0,0.0
2024-01-01 08:00:00,7.4,4.6,MOTO,0.0,0.0,0.0,0,0.0,0,7.4,4.6,MOTO,0.0,0.0,0.0,0,0.0,0,7.4,4.6,MOTO,0.0,0.0,0.0,0,0.0,0,7.4,4.6,MOTO,0.0,0.0,0.0,0,0.0,0,7.4,4.6,MOTO,0.0,0.0,0.0,0,0.0,0,7.4,4.6,MOTO,0.0,0.0,0.0,0,0.0,0,7.4,4.6,MOTO,0.0,0.0,0.0,0,0.0,0,7.4,4.6,MOTO,0.0,0.0,0.0,0,0.0,0,7.4,4.6,MOTO,0.0,0.0,0.0,0,0.0,0,7.4,4.6,MOTO,0.0,0.0,0.0,0,0.0,0,7.4,4.6,MOTO,0.0,0.0,0.0,0,0.0,0,7.4,4.6,MOTO,0.0,0.0,0.0,0,0.0,0,7.4,4.6,MOTO,0.0,0.0,0.0,0,0.0,0,7.4,4.6,MOTO,0.0,0.0,0.0,0,0.0,0,7.4,4.6,MOTO,0.0,0.0,0.0,0,0.0,0,7.4,4.6,MOTO,0.0,0.0,0.0,0,0.0,0,7.4,4.6,MOTO,0.0,0.0,0.0,0,0.0,0,7.4,4.6,MOTO,0.0,0.0,0.0,0,0.0,0,7.4,4.6,MOTO,0.0,0.0,0.0,0,0.0,0,7.4,4.6,MOTO,0.0,0.0,0.0,0,0.0,0,7.4,4.6,MOTO,0.0,0.0,0.0,0,0.0,0,7.4,4.6,MOTO,0.0,0.0,0.0,0,0.0,0,7.4,4.6,MOTO,0.0,0.0,0.0,0,0.0,0,7.4,4.6,MOTO,0.0,0.0,0.0,0,0.0,0,7.4,4.6,MOTO,0.0,0.0,0.0,0,0.0,0,7.4,4.6,MOTO,0.0,0.0,0.0,0,0.0,0,7.4,4.6,MOTO,0.0,0.0,0.0,0,0.0,0,7.4,4.6,MOTO,0.0,0.0,0.0,0,0.0,0,7.4,4.6,MOTO,0.0,0.0,0.0,0,0.0,0,7.4,4.6,MOTO,0.0,0.0,0.0,0,0.0,0,7.4,7.4,MOTOTAXI,0.0,0.0,0.0,0,0.0,0,7.4,7.4,MOTOTAXI,0.0,0.0,0.0,0,0.0,0,7.4,7.4,MOTOTAXI,0.0,0.0,0.0,0,0.0,0,7.4,7.4,MOTOTAXI,0.0,0.0,0.0,0,0.0,0,7.4,7.4,MOTOTAXI,0.0,0.0,0.0,0,0.0,0,7.4,7.4,MOTOTAXI,0.0,0.0,0.0,0,0.0,0,7.4,7.4,MOTOTAXI,0.0,0.0,0.0,0,0.0,0,7.4,7.4,MOTOTAXI,0.0,0.0,0.0,0,0.0,0,0,0.28,0.0,0.0,0.0,0.0,0.0,0.0,0.0,0.0
2024-01-01 09:00:00,7.4,4.6,MOTO,0.0,0.0,0.0,0,0.0,0,7.4,4.6,MOTO,0.08881198819530796,0.08881198819530796,1.0,1,4.588,1,7.4,4.6,MOTO,0.0,0.0,0.0,0,0.0,0,7.4,4.6,MOTO,0.0,0.0,0.0,0,0.0,0,7.4,4.6,MOTO,0.23189021846893834,0.23189021846893834,1.0,1,4.588,1,7.4,4.6,MOTO,0.0,0.0,0.0,0,0.0,0,7.4,4.6,MOTO,0.0,0.0,0.0,0,0.0,0,7.4,4.6,MOTO,0.1419121865976485,0.1419121865976485,1.0,1,4.588,1,7.4,4.6,MOTO,0.0,0.0,0.0,0,0.0,0,7.4,4.6,MOTO,0.0,0.0,0.0,0,0.0,0,7.4,4.6,MOTO,0.0,0.0,0.0,0,0.0,0,7.4,4.6,MOTO,0.0,0.0,0.0,0,0.0,0,7.4,4.6,MOTO,0.0,0.0,0.0,0,0.0,0,7.4,4.6,MOTO,0.0,0.0,0.0,0,0.0,0,7.4,4.6,MOTO,0.0,0.0,0.0,0,0.0,0,7.4,4.6,MOTO,0.0,0.0,0.0,0,0.0,0,7.4,4.6,MOTO,0.0,0.0,0.0,0,0.0,0,7.4,4.6,MOTO,0.0,0.0,0.0,0,0.0,0,7.4,4.6,MOTO,0.0,0.0,0.0,0,0.0,0,7.4,4.6,MOTO,0.0,0.0,0.0,0,0.0,0,7.4,4.6,MOTO,0.0,0.0,0.0,0,0.0,0,7.4,4.6,MOTO,0.0,0.0,0.0,0,0.0,0,7.4,4.6,MOTO,0.0,0.0,0.0,0,0.0,0,7.4,4.6,MOTO,0.0,0.0,0.0,0,0.0,0,7.4,4.6,MOTO,0.0,0.0,0.0,0,0.0,0,7.4,4.6,MOTO,0.0,0.0,0.0,0,0.0,0,7.4,4.6,MOTO,0.14748301928218524,0.14748301928218524,1.0,1,4.588,2,7.4,4.6,MOTO,0.0,0.0,0.0,0,0.0,0,7.4,4.6,MOTO,0.0,0.0,0.0,0,0.0,0,7.4,4.6,MOTO,0.0,0.0,0.0,0,0.0,0,7.4,7.4,MOTOTAXI,0.0,0.0,0.0,0,0.0,0,7.4,7.4,MOTOTAXI,0.0,0.0,0.0,0,0.0,0,7.4,7.4,MOTOTAXI,0.17083062502067234,0.17083062502067234,1.0,1,4.588,1,7.4,7.4,MOTOTAXI,0.0,0.0,0.0,0,0.0,0,7.4,7.4,MOTOTAXI,0.0,0.0,0.0,0,0.0,0,7.4,7.4,MOTOTAXI,0.0,0.0,0.0,0,0.0,0,7.4,7.4,MOTOTAXI,0.0,0.0,0.0,0,0.0,0,7.4,7.4,MOTOTAXI,0.0,0.0,0.0,0,0.0,0,0,0.28,22.94,6.423200000000001,18.352,4.588,15.96624,2.15636,18.122600000000002,22.94
2024-01-01 10:00:00,7.4,4.6,MOTO,0.27384665799954105,0.27384665799954105,1.0,1,4.588,1,7.4,4.6,MOTO,0.0,0.0,0.0,0,0.0,1,7.4,4.6,MOTO,0.0,0.0,0.0,0,0.0,0,7.4,4.6,MOTO,0.0,0.0,0.0,0,0.0,0,7.4,4.6,MOTO,0.0,0.0,0.0,0,0.0,1,7.4,4.6,MOTO,0.0,0.0,0.0,0,0.0,0,7.4,4.6,MOTO,0.0,0.0,0.0,0,0.0,0,7.4,4.6,MOTO,0.21713682811899707,0.21713682811899707,1.0,1,4.588,2,7.4,4.6,MOTO,0.0,0.0,0.0,0,0.0,0,7.4,4.6,MOTO,0.0,0.0,0.0,0,0.0,0,7.4,4.6,MOTO,0.0,0.0,0.0,0,0.0,0,7.4,4.6,MOTO,0.0,0.0,0.0,0,0.0,0,7.4,4.6,MOTO,0.0,0.0,0.0,0,0.0,0,7.4,4.6,MOTO,0.25821227947130393,0.25821227947130393,1.0,1,4.588,1,7.4,4.6,MOTO,0.0,0.0,0.0,0,0.0,0,7.4,4.6,MOTO,0.0,0.0,0.0,0,0.0,0,7.4,4.6,MOTO,0.0,0.0,0.0,0,0.0,0,7.4,4.6,MOTO,0.0,0.0,0.0,0,0.0,0,7.4,4.6,MOTO,0.0,0.0,0.0,0,0.0,0,7.4,4.6,MOTO,0.2887748459593357,0.2887748459593357,1.0,1,4.588,1,7.4,4.6,MOTO,0.0,0.0,0.0,0,0.0,0,7.4,4.6,MOTO,0.0,0.0,0.0,0,0.0,0,7.4,4.6,MOTO,0.0,0.0,0.0,0,0.0,0,7.4,4.6,MOTO,0.0,0.0,0.0,0,0.0,0,7.4,4.6,MOTO,0.0,0.0,0.0,0,0.0,0,7.4,4.6,MOTO,0.0,0.0,0.0,0,0.0,0,7.4,4.6,MOTO,0.13993613100811952,0.13993613100811952,1.0,1,4.588,3,7.4,4.6,MOTO,0.0,0.0,0.0,0,0.0,0,7.4,4.6,MOTO,0.0,0.0,0.0,0,0.0,0,7.4,4.6,MOTO,0.0,0.0,0.0,0,0.0,0,7.4,7.4,MOTOTAXI,0.0,0.0,0.0,0,0.0,0,7.4,7.4,MOTOTAXI,0.0,0.0,0.0,0,0.0,0,7.4,7.4,MOTOTAXI,0.7908306250206724,0.17083062502067234,1.0,1,4.588,1,7.4,7.4,MOTOTAXI,0.0,0.0,0.0,0,0.0,0,7.4,7.4,MOTOTAXI,0.0,0.0,0.0,0,0.0,0,7.4,7.4,MOTOTAXI,0.0,0.0,0.0,0,0.0,0,7.4,7.4,MOTOTAXI,0.0,0.0,0.0,0,0.0,0,7.4,7.4,MOTOTAXI,0.0,0.0,0.0,0,0.0,0,0,0.28,27.528000000000002,7.707840000000002,22.94,4.588,19.957800000000002,2.15636,22.114160000000002,27.528000000000002
2024-01-01 11:00:00,7.4,4.6,MOTO,0.0,0.0,0.0,0,0.0,1,7.4,4.6,MOTO,0.13548802453948758,0.13548802453948758,1.0,1,4.588,2,7.4,4.6,MOTO,0.0,0.0,0.0,0,0.0,0,7.4,4.6,MOTO,0.0,0.0,0.0,0,0.0,0,7.4,4.6,MOTO,0.0,0.0,0.0,0,0.0,1,7.4,4.6,MOTO,0.0,0.0,0.0,0,0.0,0,7.4,4.6,MOTO,0.0,0.0,0.0,0,0.0,0,7.4,4.6,MOTO,0.0,0.0,0.0,0,0.0,2,7.4,4.6,MOTO,0.29154021177020745,0.29154021177020745,1.0,1,4.588,1,7.4,4.6,MOTO,0.23287511096596847,0.23287511096596847,1.0,1,4.588,1,7.4,4.6,MOTO,0.12979469061226478,0.12979469061226478,1.0,1,4.588,1,7.4,4.6,MOTO,0.0,0.0,0.0,0,0.0,0,7.4,4.6,MOTO,0.0,0.0,0.0,0,0.0,0,7.4,4.6,MOTO,0.16723378534022318,0.16723378534022318,1.0,1,4.588,2,7.4,4.6,MOTO,0.0,0.0,0.0,0,0.0,0,7.4,4.6,MOTO,0.0,0.0,0.0,0,0.0,0,7.4,4.6,MOTO,0.0,0.0,0.0,0,0.0,0,7.4,4.6,MOTO,0.0,0.0,0.0,0,0.0,0,7.4,4.6,MOTO,0.0,0.0,0.0,0,0.0,0,7.4,4.6,MOTO,0.0,0.0,0.0,0,0.0,1,7.4,4.6,MOTO,0.38861859012105304,0.38861859012105304,1.0,1,4.588,1,7.4,4.6,MOTO,0.0,0.0,0.0,0,0.0,0,7.4,4.6,MOTO,0.2174577812831839,0.2174577812831839,1.0,1,4.588,2,7.4,4.6,MOTO,0.0,0.0,0.0,0,0.0,0,7.4,4.6,MOTO,0.0,0.0,0.0,0,0.0,0,7.4,4.6,MOTO,0.0,0.0,0.0,0,0.0,0,7.4,4.6,MOTO,0.23616360250476343,0.23616360250476343,1.0,1,4.588,3,7.4,4.6,MOTO,0.0,0.0,0.0,0,0.0,0,7.4,4.6,MOTO,0.0,0.0,0.0,0,0.0,0,7.4,4.6,MOTO,0.19734861245507831,0.19734861245507831,1.0,1,4.588,1,7.4,7.4,MOTOTAXI,0.0,0.0,0.0,0,0.0,0,7.4,7.4,MOTOTAXI,0.0,0.0,0.0,0,0.0,0,7.4,7.4,MOTOTAXI,0.31428228145150205,0.31428228145150205,1.0,1,4.588,2,7.4,7.4,MOTOTAXI,0.0,0.0,0.0,0,0.0,0,7.4,7.4,MOTOTAXI,0.0,0.0,0.0,0,0.0,0,7.4,7.4,MOTOTAXI,0.0,0.0,0.0,0,0.0,0,7.4,7.4,MOTOTAXI,0.0,0.0,0.0,0,0.0,0,7.4,7.4,MOTOTAXI,0.0,0.0,0.0,0,0.0,0,0,0.28,45.88,12.846400000000003,41.292,4.588,35.92404,2.15636,38.0804,45.88
2024-01-01 12:00:00,7.4,4.6,MOTO,0.0,0.0,0.0,0,0.0,1,7.4,4.6,MOTO,0.0,0.0,0.0,0,0.0,2,7.4,4.6,MOTO,0.2751933032686774,0.2751933032686774,1.0,1,4.588,1,7.4,4.6,MOTO,0.0,0.0,0.0,0,0.0,0,7.4,4.6,MOTO,0.0,0.0,0.0,0,0.0,1,7.4,4.6,MOTO,0.0,0.0,0.0,0,0.0,0,7.4,4.6,MOTO,0.0,0.0,0.0,0,0.0,0,7.4,4.6,MOTO,0.0,0.0,0.0,0,0.0,2,7.4,4.6,MOTO,0.0,0.0,0.0,0,0.0,1,7.4,4.6,MOTO,0.0,0.0,0.0,0,0.0,1,7.4,4.6,MOTO,0.0,0.0,0.0,0,0.0,1,7.4,4.6,MOTO,0.0,0.0,0.0,0,0.0,0,7.4,4.6,MOTO,0.0,0.0,0.0,0,0.0,0,7.4,4.6,MOTO,0.0,0.0,0.0,0,0.0,2,7.4,4.6,MOTO,0.1216746707663763,0.1216746707663763,1.0,1,4.588,1,7.4,4.6,MOTO,0.16779384837943245,0.16779384837943245,1.0,1,4.588,2,7.4,4.6,MOTO,0.0,0.0,0.0,0,0.0,0,7.4,4.6,MOTO,0.0,0.0,0.0,0,0.0,0,7.4,4.6,MOTO,0.0,0.0,0.0,0,0.0,0,7.4,4.6,MOTO,0.0,0.0,0.0,0,0.0,1,7.4,4.6,MOTO,0.25264481613346956,0.25264481613346956,1.0,1,4.588,3,7.4,4.6,MOTO,0.06795433869157239,0.06795433869157239,1.0,1,4.588,1,7.4,4.6,MOTO,0.008122878470095851,0.008122878470095851,1.0,1,4.588,3,7.4,4.6,MOTO,0.0,0.0,0.0,0,0.0,0,7.4,4.6,MOTO,0.22322536971610035,0.22322536971610035,1.0,1,4.588,1,7.4,4.6,MOTO,0.0,0.0,0.0,0,0.0,0,7.4,4.6,MOTO,0.0,0.0,0.0,0,0.0,3,7.4,4.6,MOTO,0.0,0.0,0.0,0,0.0,0,7.4,4.6,MOTO,0.0,0.0,0.0,0,0.0,0,7.4,4.6,MOTO,0.0,0.0,0.0,0,0.0,1,7.4,7.4,MOTOTAXI,0.0,0.0,0.0,0,0.0,0,7.4,7.4,MOTOTAXI,0.0,0.0,0.0,0,0.0,0,7.4,7.4,MOTOTAXI,0.934282281451502,0.31428228145150205,1.0,1,4.588,2,7.4,7.4,MOTOTAXI,0.0,0.0,0.0,0,0.0,0,7.4,7.4,MOTOTAXI,0.0,0.0,0.0,0,0.0,0,7.4,7.4,MOTOTAXI,0.0,0.0,0.0,0,0.0,0,7.4,7.4,MOTOTAXI,0.0,0.0,0.0,0,0.0,0,7.4,7.4,MOTOTAXI,0.0,0.0,0.0,0,0.0,0,0,0.28,36.704,10.277120000000002,32.116,4.588,27.94092,2.15636,30.097279999999998,36.704
2024-01-01 13:00:00,7.4,4.6,MOTO,0.0,0.0,0.0,0,0.0,1,7.4,4.6,MOTO,0.11323589100206255,0.11323589100206255,1.0,1,4.588,3,7.4,4.6,MOTO,0.0,0.0,0.0,0,0.0,1,7.4,4.6,MOTO,0.0,0.0,0.0,0,0.0,0,7.4,4.6,MOTO,0.0,0.0,0.0,0,0.0,1,7.4,4.6,MOTO,0.21458618524283096,0.21458618524283096,1.0,1,4.588,1,7.4,4.6,MOTO,0.20130018918779072,0.20130018918779072,1.0,1,4.588,1,7.4,4.6,MOTO,0.0,0.0,0.0,0,0.0,2,7.4,4.6,MOTO,0.0,0.0,0.0,0,0.0,1,7.4,4.6,MOTO,0.0,0.0,0.0,0,0.0,1,7.4,4.6,MOTO,0.3453534077157317,0.3453534077157317,1.0,1,4.588,2,7.4,4.6,MOTO,0.0,0.0,0.0,0,0.0,0,7.4,4.6,MOTO,0.0,0.0,0.0,0,0.0,0,7.4,4.6,MOTO,0.0,0.0,0.0,0,0.0,2,7.4,4.6,MOTO,0.2473237624573545,0.2473237624573545,1.0,1,4.588,4,7.4,4.6,MOTO,0.30438606109186583,0.30438606109186583,1.0,1,4.588,3,7.4,4.6,MOTO,0.0,0.0,0.0,0,0.0,0,7.4,4.6,MOTO,0.0,0.0,0.0,0,0.0,0,7.4,4.6,MOTO,0.1116142563798867,0.1116142563798867,1.0,1,4.588,1,7.4,4.6,MOTO,0.0,0.0,0.0,0,0.0,1,7.4,4.6,MOTO,0.07630492891219182,0.07630492891219182,1.0,1,4.588,4,7.4,4.6,MOTO,0.0,0.0,0.0,0,0.0,1,7.4,4.6,MOTO,0.1319975278421509,0.1319975278421509,1.0,1,4.588,4,7.4,4.6,MOTO,0.0,0.0,0.0,0,0.0,0,7.4,4.6,MOTO,0.0,0.0,0.0,0,0.0,1,7.4,4.6,MOTO,0.3053802052034903,0.3053802052034903,1.0,1,4.588,1,7.4,4.6,MOTO,0.34373563283335273,0.34373563283335273,1.0,1,4.588,5,7.4,4.6,MOTO,0.0,0.0,0.0,0,0.0,0,7.4,4.6,MOTO,0.16847307553596544,0.16847307553596544,1.0,1,4.588,1,7.4,4.6,MOTO,0.0,0.0,0.0,0,0.0,1,7.4,7.4,MOTOTAXI,0.0,0.0,0.0,0,0.0,0,7.4,7.4,MOTOTAXI,0.0,0.0,0.0,0,0.0,0,7.4,7.4,MOTOTAXI,0.0,0.0,0.0,0,0.0,2,7.4,7.4,MOTOTAXI,0.0,0.0,0.0,0,0.0,0,7.4,7.4,MOTOTAXI,0.0,0.0,0.0,0,0.0,0,7.4,7.4,MOTOTAXI,0.0,0.0,0.0,0,0.0,0,7.4,7.4,MOTOTAXI,0.0,0.0,0.0,0,0.0,0,7.4,7.4,MOTOTAXI,0.0,0.0,0.0,0,0.0,0,0,0.28,55.056000000000004,15.415680000000004,55.056000000000004,0.0,47.898720000000004,0.0,47.898720000000004,55.056000000000004
2024-01-01 14:00:00,7.4,4.6,MOTO,0.0,0.0,0.0,0,0.0,1,7.4,4.6,MOTO,0.27589692204932675,0.27589692204932675,1.0,1,4.588,4,7.4,4.6,MOTO,0.0,0.0,0.0,0,0.0,1,7.4,4.6,MOTO,0.0,0.0,0.0,0,0.0,0,7.4,4.6,MOTO,0.12696333682828634,0.12696333682828634,1.0,1,4.588,2,7.4,4.6,MOTO,0.0,0.0,0.0,0,0.0,1,7.4,4.6,MOTO,0.0,0.0,0.0,0,0.0,1,7.4,4.6,MOTO,0.0,0.0,0.0,0,0.0,2,7.4,4.6,MOTO,0.0,0.0,0.0,0,0.0,1,7.4,4.6,MOTO,0.2216458589581975,0.2216458589581975,1.0,1,4.588,3,7.4,4.6,MOTO,0.0,0.0,0.0,0,0.0,2,7.4,4.6,MOTO,0.0,0.0,0.0,0,0.0,0,7.4,4.6,MOTO,0.0,0.0,0.0,0,0.0,0,7.4,4.6,MOTO,0.0,0.0,0.0,0,0.0,2,7.4,4.6,MOTO,0.19271710873431275,0.19271710873431275,1.0,1,4.588,6,7.4,4.6,MOTO,0.04851527753141355,0.04851527753141355,1.0,1,4.588,3,7.4,4.6,MOTO,0.0,0.0,0.0,0,0.0,0,7.4,4.6,MOTO,0.0,0.0,0.0,0,0.0,0,7.4,4.6,MOTO,0.16654987641590518,0.16654987641590518,1.0,1,4.588,2,7.4,4.6,MOTO,0.0,0.0,0.0,0,0.0,1,7.4,4.6,MOTO,0.2153725105945528,0.2153725105945528,1.0,1,4.588,6,7.4,4.6,MOTO,0.0,0.0,0.0,0,0.0,1,7.4,4.6,MOTO,0.3083051243175277,0.3083051243175277,1.0,1,4.588,4,7.4,4.6,MOTO,0.1762608038793331,0.1762608038793331,1.0,1,4.588,1,7.4,4.6,MOTO,0.0,0.0,0.0,0,0.0,1,7.4,4.6,MOTO,0.0,0.0,0.0,0,0.0,1,7.4,4.6,MOTO,0.20073063727406323,0.20073063727406323,1.0,1,4.588,5,7.4,4.6,MOTO,0.0,0.0,0.0,0,0.0,0,7.4,4.6,MOTO,0.0,0.0,0.0,0,0.0,1,7.4,4.6,MOTO,0.0,0.0,0.0,0,0.0,1,7.4,7.4,MOTOTAXI,0.0,0.0,0.0,0,0.0,0,7.4,7.4,MOTOTAXI,0.0,0.0,0.0,0,0.0,0,7.4,7.4,MOTOTAXI,0.0,0.0,0.0,0,0.0,2,7.4,7.4,MOTOTAXI,0.0,0.0,0.0,0,0.0,0,7.4,7.4,MOTOTAXI,0.0,0.0,0.0,0,0.0,0,7.4,7.4,MOTOTAXI,0.0,0.0,0.0,0,0.0,0,7.4,7.4,MOTOTAXI,0.38720056804723046,0.38720056804723046,1.0,1,4.588,1,7.4,7.4,MOTOTAXI,0.0,0.0,0.0,0,0.0,0,0,0.28,50.468,14.131040000000002,45.88,4.588,39.915600000000005,2.15636,42.071960000000004,50.468
2024-01-01 15:00:00,7.4,4.6,MOTO,0.0,0.0,0.0,0,0.0,1,7.4,4.6,MOTO,0.26471626967870443,0.26471626967870443,1.0,1,4.588,5,7.4,4.6,MOTO,0.0,0.0,0.0,0,0.0,1,7.4,4.6,MOTO,0.0,0.0,0.0,0,0.0,0,7.4,4.6,MOTO,0.9999999999999999,0.12696333682828634,1.0,1,4.588,3,7.4,4.6,MOTO,0.0,0.0,0.0,0,0.0,1,7.4,4.6,MOTO,0.22809918677350327,0.22809918677350327,1.0,1,4.588,2,7.4,4.6,MOTO,0.0,0.0,0.0,0,0.0,2,7.4,4.6,MOTO,0.0,0.0,0.0,0,0.0,1,7.4,4.6,MOTO,0.30480197439949525,0.30480197439949525,1.0,1,4.588,4,7.4,4.6,MOTO,0.23570154859650475,0.23570154859650475,1.0,1,4.588,3,7.4,4.6,MOTO,0.13070904047393458,0.13070904047393458,1.0,1,4.588,1,7.4,4.6,MOTO,0.11710049890779278,0.11710049890779278,1.0,1,4.588,1,7.4,4.6,MOTO,0.14398189598030306,0.14398189598030306,1.0,1,4.588,4,7.4,4.6,MOTO,0.11532062819315951,0.11532062819315951,1.0,1,4.588,7,7.4,4.6,MOTO,0.282541634898803,0.282541634898803,1.0,1,4.588,5,7.4,4.6,MOTO,0.0,0.0,0.0,0,0.0,0,7.4,4.6,MOTO,0.14768119064128904,0.14768119064128904,1.0,1,4.588,1,7.4,4.6,MOTO,0.2949142987780998,0.2949142987780998,1.0,1,4.588,3,7.4,4.6,MOTO,0.0,0.0,0.0,0,0.0,1,7.4,4.6,MOTO,0.06731682338641029,0.06731682338641029,1.0,1,4.588,7,7.4,4.6,MOTO,0.18698569456323155,0.18698569456323155,1.0,1,4.588,2,7.4,4.6,MOTO,0.09939826185002981,0.09939826185002981,1.0,1,4.588,5,7.4,4.6,MOTO,0.0785811387212268,0.0785811387212268,1.0,1,4.588,2,7.4,4.6,MOTO,0.13008534219080828,0.13008534219080828,1.0,1,4.588,3,7.4,4.6,MOTO,0.0,0.0,0.0,0,0.0,1,7.4,4.6,MOTO,0.0,0.0,0.0,0,0.0,5,7.4,4.6,MOTO,0.26138413414754247,0.26138413414754247,1.0,1,4.588,1,7.4,4.6,MOTO,0.0,0.0,0.0,0,0.0,1,7.4,4.6,MOTO,0.0,0.0,0.0,0,0.0,1,7.4,7.4,MOTOTAXI,0.0,0.0,0.0,0,0.0,0,7.4,7.4,MOTOTAXI,0.0,0.0,0.0,0,0.0,0,7.4,7.4,MOTOTAXI,0.33578807880999884,0.33578807880999884,1.0,1,4.588,3,7.4,7.4,MOTOTAXI,0.0,0.0,0.0,0,0.0,0,7.4,7.4,MOTOTAXI,0.0,0.0,0.0,0,0.0,0,7.4,7.4,MOTOTAXI,0.3154354338408924,0.3154354338408924,1.0,1,4.588,1,7.4,7.4,MOTOTAXI,0.15226182694246793,0.15226182694246793,1.0,1,4.588,3,7.4,7.4,MOTOTAXI,0.1786552848288153,0.1786552848288153,1.0,1,4.588,1,0,0.28,100.93599999999995,28.26207999999999,82.58399999999997,18.352,71.84807999999998,8.62544,80.47351999999998,100.93599999999995
2024-01-01 16:00:00,7.4,4.6,MOTO,0.0,0.0,0.0,0,0.0,1,7.4,4.6,MOTO,0.16976757579236923,0.16976757579236923,1.0,1,4.588,6,7.4,4.6,MOTO,0.0,0.0,0.0,0,0.0,1,7.4,4.6,MOTO,0.0,0.0,0.0,0,0.0,0,7.4,4.6,MOTO,0.2126094827824029,0.2126094827824029,1.0,1,4.588,3,7.4,4.6,MOTO,0.0,0.0,0.0,0,0.0,1,7.4,4.6,MOTO,0.19954371710097038,0.19954371710097038,1.0,1,4.588,3,7.4,4.6,MOTO,0.05543900275279176,0.05543900275279176,1.0,1,4.588,3,7.4,4.6,MOTO,0.11558630864822603,0.11558630864822603,1.0,1,4.588,2,7.4,4.6,MOTO,0.13773004801794064,0.13773004801794064,1.0,1,4.588,5,7.4,4.6,MOTO,0.29835043063584654,0.29835043063584654,1.0,1,4.588,4,7.4,4.6,MOTO,0.0,0.0,0.0,0,0.0,1,7.4,4.6,MOTO,0.3451143607795042,0.3451143607795042,1.0,1,4.588,2,7.4,4.6,MOTO,0.021232838806821808,0.021232838806821808,1.0,1,4.588,4,7.4,4.6,MOTO,0.13714302525242936,0.13714302525242936,1.0,1,4.588,8,7.4,4.6,MOTO,0.28135096360006384,0.28135096360006384,1.0,1,4.588,6,7.4,4.6,MOTO,0.29763091264811026,0.29763091264811026,1.0,1,4.588,1,7.4,4.6,MOTO,0.0,0.0,0.0,0,0.0,1,7.4,4.6,MOTO,0.0,0.0,0.0,0,0.0,3,7.4,4.6,MOTO,0.0,0.0,0.0,0,0.0,1,7.4,4.6,MOTO,0.38437157977518466,0.38437157977518466,1.0,1,4.588,8,7.4,4.6,MOTO,0.0,0.0,0.0,0,0.0,2,7.4,4.6,MOTO,0.38761708392158867,0.38761708392158867,1.0,1,4.588,6,7.4,4.6,MOTO,0.0,0.0,0.0,0,0.0,2,7.4,4.6,MOTO,0.9999999999999999,0.13008534219080828,1.0,1,4.588,6,7.4,4.6,MOTO,0.15308243478952954,0.15308243478952954,1.0,1,4.588,2,7.4,4.6,MOTO,0.18854601547473823,0.18854601547473823,1.0,1,4.588,6,7.4,4.6,MOTO,0.0,0.0,0.0,0,0.0,1,7.4,4.6,MOTO,0.0,0.0,0.0,0,0.0,1,7.4,4.6,MOTO,0.0,0.0,0.0,0,0.0,1,7.4,7.4,MOTOTAXI,0.3237816311973462,0.3237816311973462,1.0,1,4.588,1,7.4,7.4,MOTOTAXI,0.15499345285207564,0.15499345285207564,1.0,1,4.588,2,7.4,7.4,MOTOTAXI,0.9557880788099988,0.33578807880999884,1.0,1,4.588,3,7.4,7.4,MOTOTAXI,0.0,0.0,0.0,0,0.0,0,7.4,7.4,MOTOTAXI,0.271161487808889,0.271161487808889,1.0,1,4.588,1,7.4,7.4,MOTOTAXI,0.9354354338408923,0.3154354338408924,1.0,1,4.588,1,7.4,7.4,MOTOTAXI,0.7722618269424679,0.15226182694246793,1.0,1,4.588,3,7.4,7.4,MOTOTAXI,0.7986552848288153,0.1786552848288153,1.0,1,4.588,1,0,0.28,110.11199999999994,30.831359999999986,77.99599999999998,32.116,67.85651999999999,15.09452,82.95103999999999,110.11199999999994
2024-01-01 17:00:00,7.4,4.6,MOTO,0.08753579081621309,0.08753579081621309,1.0,1,4.588,2,7.4,4.6,MOTO,0.21699729029073084,0.21699729029073084,1.0,1,4.588,7,7.4,4.6,MOTO,0.3153245186428456,0.3153245186428456,1.0,1,4.588,2,7.4,4.6,MOTO,0.0,0.0,0.0,0,0.0,0,7.4,4.6,MOTO,0.0,0.0,0.0,0,0.0,3,7.4,4.6,MOTO,0.0,0.0,0.0,0,0.0,1,7.4,4.6,MOTO,0.10350765394198956,0.10350765394198956,1.0,1,4.588,4,7.4,4.6,MOTO,0.0,0.0,0.0,0,0.0,3,7.4,4.6,MOTO,0.0,0.0,0.0,0,0.0,2,7.4,4.6,MOTO,0.20696526645188792,0.20696526645188792,1.0,1,4.588,5,7.4,4.6,MOTO,0.268605145999844,0.268605145999844,1.0,1,4.588,5,7.4,4.6,MOTO,0.0,0.0,0.0,0,0.0,1,7.4,4.6,MOTO,0.35023570520960284,0.35023570520960284,1.0,1,4.588,3,7.4,4.6,MOTO,0.9999999999999999,0.021232838806821808,1.0,1,4.588,4,7.4,4.6,MOTO,0.07997035929442238,0.07997035929442238,1.0,1,4.588,10,7.4,4.6,MOTO,0.188906806437049,0.188906806437049,1.0,1,4.588,6,7.4,4.6,MOTO,0.19444523011033812,0.19444523011033812,1.0,1,4.588,2,7.4,4.6,MOTO,0.0,0.0,0.0,0,0.0,1,7.4,4.6,MOTO,0.23665982460968485,0.23665982460968485,1.0,1,4.588,4,7.4,4.6,MOTO,0.0,0.0,0.0,0,0.0,1,7.4,4.6,MOTO,0.23241663524884423,0.23241663524884423,1.0,1,4.588,8,7.4,4.6,MOTO,0.10601202136726448,0.10601202136726448,1.0,1,4.588,3,7.4,4.6,MOTO,0.14697423816275593,0.14697423816275593,1.0,1,4.588,7,7.4,4.6,MOTO,0.0,0.0,0.0,0,0.0,2,7.4,4.6,MOTO,0.19911829537541925,0.19911829537541925,1.0,1,4.588,6,7.4,4.6,MOTO,0.0,0.0,0.0,0,0.0,2,7.4,4.6,MOTO,0.0,0.0,0.0,0,0.0,6,7.4,4.6,MOTO,0.0,0.0,0.0,0,0.0,1,7.4,4.6,MOTO,0.0,0.0,0.0,0,0.0,1,7.4,4.6,MOTO,0.0,0.0,0.0,0,0.0,1,7.4,7.4,MOTOTAXI,0.9437816311973461,0.3237816311973462,1.0,1,4.588,1,7.4,7.4,MOTOTAXI,0.7749934528520757,0.15499345285207564,1.0,1,4.588,2,7.4,7.4,MOTOTAXI,0.12071271677376559,0.12071271677376559,1.0,1,4.588,4,7.4,7.4,MOTOTAXI,0.0,0.0,0.0,0,0.0,0,7.4,7.4,MOTOTAXI,0.8911614878088889,0.271161487808889,1.0,1,4.588,3,7.4,7.4,MOTOTAXI,0.14527201636624787,0.14527201636624787,1.0,1,4.588,2,7.4,7.4,MOTOTAXI,0.1281555778747564,0.1281555778747564,1.0,1,4.588,3,7.4,7.4,MOTOTAXI,0.0,0.0,0.0,0,0.0,1,0,0.28,100.93599999999995,28.26207999999999,73.40799999999999,27.528000000000002,63.86495999999999,12.93816,76.80311999999999,100.93599999999995
2024-01-01 18:00:00,7.4,4.6,MOTO,0.0,0.0,0.0,0,0.0,2,7.4,4.6,MOTO,0.0,0.0,0.0,0,0.0,7,7.4,4.6,MOTO,0.07719459808763758,0.07719459808763758,1.0,1,4.588,3,7.4,4.6,MOTO,0.0,0.0,0.0,0,0.0,0,7.4,4.6,MOTO,0.10277314522759284,0.10277314522759284,1.0,1,4.588,5,7.4,4.6,MOTO,0.0,0.0,0.0,0,0.0,1,7.4,4.6,MOTO,0.12436492547156967,0.12436492547156967,1.0,1,4.588,5,7.4,4.6,MOTO,0.0,0.0,0.0,0,0.0,3,7.4,4.6,MOTO,0.0,0.0,0.0,0,0.0,2,7.4,4.6,MOTO,0.0,0.0,0.0,0,0.0,5,7.4,4.6,MOTO,0.0,0.0,0.0,0,0.0,5,7.4,4.6,MOTO,0.0,0.0,0.0,0,0.0,1,7.4,4.6,MOTO,0.05777462904023259,0.05777462904023259,1.0,1,4.588,5,7.4,4.6,MOTO,0.0,0.0,0.0,0,0.0,4,7.4,4.6,MOTO,0.07794298957181456,0.07794298957181456,1.0,1,4.588,11,7.4,4.6,MOTO,0.1611930810202586,0.1611930810202586,1.0,1,4.588,7,7.4,4.6,MOTO,0.0,0.0,0.0,0,0.0,2,7.4,4.6,MOTO,0.13315980316967319,0.13315980316967319,1.0,1,4.588,2,7.4,4.6,MOTO,0.0,0.0,0.0,0,0.0,4,7.4,4.6,MOTO,0.1349357430878173,0.1349357430878173,1.0,1,4.588,3,7.4,4.6,MOTO,0.23417559757771594,0.23417559757771594,1.0,1,4.588,8,7.4,4.6,MOTO,0.0,0.0,0.0,0,0.0,3,7.4,4.6,MOTO,0.0,0.0,0.0,0,0.0,7,7.4,4.6,MOTO,0.0,0.0,1.0,1,4.588,3,7.4,4.6,MOTO,0.0679766792979358,0.0679766792979358,1.0,1,4.588,7,7.4,4.6,MOTO,0.0,0.0,0.0,0,0.0,2,7.4,4.6,MOTO,0.2500917187624381,0.2500917187624381,1.0,1,4.588,9,7.4,4.6,MOTO,0.2751387123371789,0.2751387123371789,1.0,1,4.588,2,7.4,4.6,MOTO,0.12367408434574832,0.12367408434574832,1.0,1,4.588,2,7.4,4.6,MOTO,0.0195117899335481,0.0195117899335481,1.0,1,4.588,2,7.4,7.4,MOTOTAXI,0.0,0.0,0.0,0,0.0,1,7.4,7.4,MOTOTAXI,0.2622849932347499,0.2622849932347499,1.0,1,4.588,2,7.4,7.4,MOTOTAXI,0.7407127167737656,0.12071271677376559,1.0,1,4.588,4,7.4,7.4,MOTOTAXI,0.0,0.0,0.0,0,0.0,0,7.4,7.4,MOTOTAXI,0.285135426460051,0.285135426460051,1.0,1,4.588,3,7.4,7.4,MOTOTAXI,0.7652720163662479,0.14527201636624787,1.0,1,4.588,2,7.4,7.4,MOTOTAXI,0.7481555778747564,0.1281555778747564,1.0,1,4.588,3,7.4,7.4,MOTOTAXI,0.0,0.0,0.0,0,0.0,1,1,0.45,91.75999999999996,41.29199999999999,68.82,22.94,59.8734,10.7818,70.6552,91.75999999999996
2024-01-01 19:00:00,7.4,4.6,MOTO,0.0,0.0,0.0,0,0.0,2,7.4,4.6,MOTO,0.0,0.0,0.0,0,0.0,7,7.4,4.6,MOTO,0.0,0.0,0.0,0,0.0,3,7.4,4.6,MOTO,0.13980313211036155,0.13980313211036155,1.0,1,4.588,1,7.4,4.6,MOTO,0.20794824518175387,0.20794824518175387,1.0,1,4.588,7,7.4,4.6,MOTO,0.0,0.0,0.0,0,0.0,1,7.4,4.6,MOTO,0.9999999999999999,0.12436492547156967,1.0,1,4.588,8,7.4,4.6,MOTO,0.0,0.0,0.0,0,0.0,3,7.4,4.6,MOTO,0.0,0.0,0.0,0,0.0,2,7.4,4.6,MOTO,0.18801490806344012,0.18801490806344012,1.0,1,4.588,6,7.4,4.6,MOTO,0.21137294602129808,0.21137294602129808,1.0,1,4.588,6,7.4,4.6,MOTO,0.0,0.0,0.0,0,0.0,1,7.4,4.6,MOTO,0.19920273586833828,0.19920273586833828,1.0,1,4.588,5,7.4,4.6,MOTO,0.2871124703431692,0.2871124703431692,1.0,1,4.588,6,7.4,4.6,MOTO,0.2959270826085207,0.2959270826085207,1.0,1,4.588,11,7.4,4.6,MOTO,0.13235869795159616,0.13235869795159616,1.0,1,4.588,8,7.4,4.6,MOTO,0.0,0.0,0.0,0,0.0,2,7.4,4.6,MOTO,0.0,0.0,1.0,1,4.588,3,7.4,4.6,MOTO,0.0,0.0,0.0,0,0.0,4,7.4,4.6,MOTO,0.1512874616235304,0.1512874616235304,1.0,1,4.588,4,7.4,4.6,MOTO,0.20956204458893926,0.20956204458893926,1.0,1,4.588,9,7.4,4.6,MOTO,0.23384964074944142,0.23384964074944142,1.0,1,4.588,5,7.4,4.6,MOTO,0.21818662550584952,0.21818662550584952,1.0,1,4.588,8,7.4,4.6,MOTO,0.9973913043478262,0.0,1.0,1,4.588,3,7.4,4.6,MOTO,0.9999999999999999,0.0679766792979358,1.0,1,4.588,7,7.4,4.6,MOTO,0.0,0.0,0.0,0,0.0,2,7.4,4.6,MOTO,0.1022444755201449,0.1022444755201449,1.0,1,4.588,10,7.4,4.6,MOTO,0.1652473266227045,0.1652473266227045,1.0,1,4.588,3,7.4,4.6,MOTO,0.28291386845852684,0.28291386845852684,1.0,1,4.588,3,7.4,4.6,MOTO,0.3286974963849594,0.3286974963849594,1.0,1,4.588,3,7.4,7.4,MOTOTAXI,0.0,0.0,0.0,0,0.0,1,7.4,7.4,MOTOTAXI,0.8822849932347498,0.2622849932347499,1.0,1,4.588,2,7.4,7.4,MOTOTAXI,0.155536244175436,0.155536244175436,1.0,1,4.588,5,7.4,7.4,MOTOTAXI,0.0,0.0,0.0,0,0.0,0,7.4,7.4,MOTOTAXI,0.9051354264600511,0.285135426460051,1.0,1,4.588,4,7.4,7.4,MOTOTAXI,0.0,0.0,0.0,0,0.0,2,7.4,7.4,MOTOTAXI,0.0755345296688583,0.0755345296688583,1.0,1,4.588,4,7.4,7.4,MOTOTAXI,0.0,0.0,0.0,0,0.0,1,1,0.45,110.11199999999994,49.550399999999975,91.75999999999996,18.352,79.83119999999997,8.62544,88.45663999999996,110.11199999999994
2024-01-01 20:00:00,7.4,4.6,MOTO,0.0,0.0,0.0,0,0.0,2,7.4,4.6,MOTO,0.21805308418054314,0.21805308418054314,1.0,1,4.588,8,7.4,4.6,MOTO,0.4643571583398551,0.4643571583398551,1.0,1,4.588,4,7.4,4.6,MOTO,0.24810092317367133,0.24810092317367133,1.0,1,4.588,3,7.4,4.6,MOTO,0.27602510946353603,0.27602510946353603,1.0,1,4.588,8,7.4,4.6,MOTO,0.0,0.0,0.0,0,0.0,1,7.4,4.6,MOTO,0.12031047445295233,0.12031047445295233,1.0,1,4.588,11,7.4,4.6,MOTO,0.0,0.0,0.0,0,0.0,3,7.4,4.6,MOTO,0.0,0.0,0.0,0,0.0,2,7.4,4.6,MOTO,0.0,0.0,0.0,0,0.0,6,7.4,4.6,MOTO,0.09878956247398325,0.09878956247398325,1.0,1,4.588,7,7.4,4.6,MOTO,0.03451433281342306,0.03451433281342306,1.0,1,4.588,2,7.4,4.6,MOTO,0.0,0.0,0.0,0,0.0,5,7.4,4.6,MOTO,0.1673976467832159,0.1673976467832159,1.0,1,4.588,6,7.4,4.6,MOTO,0.20740947804197754,0.20740947804197754,1.0,1,4.588,12,7.4,4.6,MOTO,0.0,0.0,0.0,0,0.0,8,7.4,4.6,MOTO,0.0,0.0,0.0,0,0.0,2,7.4,4.6,MOTO,0.9973913043478262,0.0,1.0,1,4.588,3,7.4,4.6,MOTO,0.0,0.0,0.0,0,0.0,4,7.4,4.6,MOTO,0.28924108198152115,0.28924108198152115,1.0,1,4.588,5,7.4,4.6,MOTO,0.17311113094451697,0.17311113094451697,1.0,1,4.588,10,7.4,4.6,MOTO,0.15847120860991987,0.15847120860991987,1.0,1,4.588,5,7.4,4.6,MOTO,0.08934740912583297,0.08934740912583297,1.0,1,4.588,9,7.4,4.6,MOTO,0.12174562947655199,0.12174562947655199,1.0,1,4.588,4,7.4,4.6,MOTO,0.3831458765854354,0.3831458765854354,1.0,1,4.588,8,7.4,4.6,MOTO,0.0,0.0,0.0,0,0.0,2,7.4,4.6,MOTO,0.2099332305429226,0.2099332305429226,1.0,1,4.588,10,7.4,4.6,MOTO,0.0,0.0,0.0,0,0.0,3,7.4,4.6,MOTO,0.17450227825791448,0.17450227825791448,1.0,1,4.588,4,7.4,4.6,MOTO,0.35039929885826887,0.35039929885826887,1.0,1,4.588,4,7.4,7.4,MOTOTAXI,0.0,0.0,0.0,0,0.0,1,7.4,7.4,MOTOTAXI,0.0,0.0,0.0,0,0.0,2,7.4,7.4,MOTOTAXI,0.775536244175436,0.155536244175436,1.0,1,4.588,5,7.4,7.4,MOTOTAXI,0.0,0.0,0.0,0,0.0,0,7.4,7.4,MOTOTAXI,0.13796362774644483,0.13796362774644483,1.0,1,4.588,6,7.4,7.4,MOTOTAXI,0.0,0.0,0.0,0,0.0,2,7.4,7.4,MOTOTAXI,0.6955345296688583,0.0755345296688583,1.0,1,4.588,4,7.4,7.4,MOTOTAXI,0.0,0.0,0.0,0,0.0,1,1,0.45,100.93599999999995,45.42119999999998,87.17199999999997,13.764,75.83963999999997,6.469079999999999,82.30871999999998,100.93599999999995
2024-01-01 21:00:00,7.4,4.6,MOTO,0.2721672064043235,0.2721672064043235,1.0,1,4.588,3,7.4,4.6,MOTO,0.0,0.0,0.0,0,0.0,8,7.4,4.6,MOTO,0.0,0.0,0.0,0,0.0,4,7.4,4.6,MOTO,0.22238840242791313,0.22238840242791313,1.0,1,4.588,4,7.4,4.6,MOTO,0.0,0.0,1.0,1,4.588,9,7.4,4.6,MOTO,0.16251791924504025,0.16251791924504025,1.0,1,4.588,4,7.4,4.6,MOTO,0.21697292843903737,0.21697292843903737,1.0,1,4.588,11,7.4,4.6,MOTO,0.03302208279315999,0.03302208279315999,1.0,1,4.588,4,7.4,4.6,MOTO,0.37646869342627187,0.37646869342627187,1.0,1,4.588,4,7.4,4.6,MOTO,0.05915387036364403,0.05915387036364403,1.0,1,4.588,7,7.4,4.6,MOTO,0.0,0.0,1.0,1,4.588,8,7.4,4.6,MOTO,0.9999999999999999,0.03451433281342306,1.0,1,4.588,2,7.4,4.6,MOTO,0.36964563682900387,0.36964563682900387,1.0,1,4.588,7,7.4,4.6,MOTO,0.31033018820165215,0.31033018820165215,1.0,1,4.588,8,7.4,4.6,MOTO,0.02966175606448454,0.02966175606448454,1.0,1,4.588,12,7.4,4.6,MOTO,0.0,0.0,0.0,0,0.0,8,7.4,4.6,MOTO,0.26722572844137726,0.26722572844137726,1.0,1,4.588,4,7.4,4.6,MOTO,0.0,0.0,0.0,0,0.0,3,7.4,4.6,MOTO,0.12216952745976874,0.12216952745976874,1.0,1,4.588,5,7.4,4.6,MOTO,0.04968570468818939,0.04968570468818939,1.0,1,4.588,6,7.4,4.6,MOTO,0.271759157979305,0.271759157979305,1.0,1,4.588,11,7.4,4.6,MOTO,0.0,0.0,0.0,0,0.0,5,7.4,4.6,MOTO,0.9999999999999999,0.08934740912583297,1.0,1,4.588,9,7.4,4.6,MOTO,0.3665474444462577,0.3665474444462577,1.0,1,4.588,6,7.4,4.6,MOTO,0.31794401207212875,0.31794401207212875,1.0,1,4.588,8,7.4,4.6,MOTO,0.23836139538167708,0.23836139538167708,1.0,1,4.588,3,7.4,4.6,MOTO,0.22482205863003363,0.22482205863003363,1.0,1,4.588,10,7.4,4.6,MOTO,0.0,0.0,0.0,0,0.0,3,7.4,4.6,MOTO,0.0,0.0,1.0,1,4.588,5,7.4,4.6,MOTO,0.04759847582729698,0.04759847582729698,1.0,1,4.588,5,7.4,7.4,MOTOTAXI,0.0,0.0,0.0,0,0.0,1,7.4,7.4,MOTOTAXI,0.12015609525829464,0.12015609525829464,1.0,1,4.588,3,7.4,7.4,MOTOTAXI,0.0,0.0,0.0,0,0.0,5,7.4,7.4,MOTOTAXI,0.0,0.0,0.0,0,0.0,0,7.4,7.4,MOTOTAXI,0.7579636277464448,0.13796362774644483,1.0,1,4.588,6,7.4,7.4,MOTOTAXI,0.2607566864331359,0.2607566864331359,1.0,1,4.588,3,7.4,7.4,MOTOTAXI,0.0,0.0,0.0,0,0.0,4,7.4,7.4,MOTOTAXI,0.0,0.0,0.0,0,0.0,1,1,0.45,123.87599999999992,55.744199999999964,110.11199999999994,13.764,95.79743999999995,6.469079999999999,102.26651999999996,123.87599999999992
2024-01-01 22:00:00,7.4,4.6,MOTO,0.0,0.0,0.0,0,0.0,3,7.4,4.6,MOTO,0.0,0.0,0.0,0,0.0,8,7.4,4.6,MOTO,0.0480820017013823,0.0480820017013823,1.0,1,4.588,5,7.4,4.6,MOTO,0.08709482287827708,0.08709482287827708,1.0,1,4.588,4,7.4,4.6,MOTO,0.9973913043478262,0.0,1.0,1,4.588,10,7.4,4.6,MOTO,0.09189366724001027,0.09189366724001027,1.0,1,4.588,4,7.4,4.6,MOTO,0.20893939191456495,0.20893939191456495,1.0,1,4.588,12,7.4,4.6,MOTO,0.0,0.0,0.0,0,0.0,4,7.4,4.6,MOTO,0.1295656309457241,0.1295656309457241,1.0,1,4.588,4,7.4,4.6,MOTO,0.0,0.0,0.0,0,0.0,7,7.4,4.6,MOTO,0.9973913043478262,0.0,1.0,1,4.588,8,7.4,4.6,MOTO,0.0,0.0,0.0,0,0.0,2,7.4,4.6,MOTO,0.19623652975751518,0.19623652975751518,1.0,1,4.588,8,7.4,4.6,MOTO,0.4155239538433073,0.4155239538433073,1.0,1,4.588,8,7.4,4.6,MOTO,0.3479944138890026,0.3479944138890026,1.0,1,4.588,12,7.4,4.6,MOTO,0.2620672097550678,0.2620672097550678,1.0,1,4.588,9,7.4,4.6,MOTO,0.14602403196906386,0.14602403196906386,1.0,1,4.588,5,7.4,4.6,MOTO,0.0,0.0,0.0,0,0.0,3,7.4,4.6,MOTO,0.9999999999999999,0.12216952745976874,1.0,1,4.588,5,7.4,4.6,MOTO,0.40055740456399536,0.40055740456399536,1.0,1,4.588,6,7.4,4.6,MOTO,0.24591800792284368,0.24591800792284368,1.0,1,4.588,13,7.4,4.6,MOTO,0.0,0.0,0.0,0,0.0,5,7.4,4.6,MOTO,0.0,0.0,0.0,0,0.0,9,7.4,4.6,MOTO,0.30143700650181304,0.30143700650181304,1.0,1,4.588,7,7.4,4.6,MOTO,0.26846422015551685,0.26846422015551685,1.0,1,4.588,8,7.4,4.6,MOTO,0.0,0.0,0.0,0,0.0,3,7.4,4.6,MOTO,0.20283183761304613,0.20283183761304613,1.0,1,4.588,13,7.4,4.6,MOTO,0.0,0.0,0.0,0,0.0,3,7.4,4.6,MOTO,0.9973913043478262,0.0,1.0,1,4.588,5,7.4,4.6,MOTO,0.0,0.0,0.0,0,0.0,5,7.4,7.4,MOTOTAXI,0.0,0.0,0.0,0,0.0,1,7.4,7.4,MOTOTAXI,0.7401560952582946,0.12015609525829464,1.0,1,4.588,3,7.4,7.4,MOTOTAXI,0.0,0.0,0.0,0,0.0,5,7.4,7.4,MOTOTAXI,0.0,0.0,0.0,0,0.0,0,7.4,7.4,MOTOTAXI,0.1226210800896427,0.1226210800896427,1.0,1,4.588,6,7.4,7.4,MOTOTAXI,0.8807566864331359,0.2607566864331359,1.0,1,4.588,3,7.4,7.4,MOTOTAXI,0.0,0.0,0.0,0,0.0,4,7.4,7.4,MOTOTAXI,0.0,0.0,0.0,0,0.0,1,1,0.45,100.93599999999995,45.42119999999998,87.17199999999997,13.764,75.83963999999997,6.469079999999999,82.30871999999998,100.93599999999995
2024-01-01 23:00:00,7.4,4.6,MOTO,0.0,0.0,0.0,0,0.0,3,7.4,4.6,MOTO,0.0,0.0,0.0,0,0.0,8,7.4,4.6,MOTO,0.0,0.0,0.0,0,0.0,5,7.4,4.6,MOTO,0.0,0.0,0.0,0,0.0,4,7.4,4.6,MOTO,0.3882024496475034,0.3882024496475034,1.0,1,4.588,10,7.4,4.6,MOTO,0.2615935606944264,0.2615935606944264,1.0,1,4.588,4,7.4,4.6,MOTO,0.33454200461549777,0.33454200461549777,1.0,1,4.588,12,7.4,4.6,MOTO,0.0,0.0,0.0,0,0.0,4,7.4,4.6,MOTO,0.0,0.0,0.0,0,0.0,4,7.4,4.6,MOTO,0.0,0.0,0.0,0,0.0,7,7.4,4.6,MOTO,0.0,0.0,0.0,0,0.0,8,7.4,4.6,MOTO,0.0,0.0,0.0,0,0.0,2,7.4,4.6,MOTO,0.1925566570899954,0.1925566570899954,1.0,1,4.588,8,7.4,4.6,MOTO,0.0,0.0,0.0,0,0.0,8,7.4,4.6,MOTO,0.17404086486363954,0.17404086486363954,1.0,1,4.588,12,7.4,4.6,MOTO,0.0,0.0,0.0,0,0.0,9,7.4,4.6,MOTO,0.2833922154548904,0.2833922154548904,1.0,1,4.588,5,7.4,4.6,MOTO,0.0,0.0,0.0,0,0.0,3,7.4,4.6,MOTO,0.0,0.0,0.0,0,0.0,5,7.4,4.6,MOTO,0.0,0.0,0.0,0,0.0,6,7.4,4.6,MOTO,0.2429618219132586,0.2429618219132586,1.0,1,4.588,13,7.4,4.6,MOTO,0.0,0.0,0.0,0,0.0,5,7.4,4.6,MOTO,0.0,0.0,0.0,0,0.0,9,7.4,4.6,MOTO,0.22076876871631113,0.22076876871631113,1.0,1,4.588,7,7.4,4.6,MOTO,0.2674280468746775,0.2674280468746775,1.0,1,4.588,8,7.4,4.6,MOTO,0.0,0.0,0.0,0,0.0,3,7.4,4.6,MOTO,0.20297561394957453,0.20297561394957453,1.0,1,4.588,13,7.4,4.6,MOTO,0.0,0.0,0.0,0,0.0,3,7.4,4.6,MOTO,0.0,0.0,0.0,0,0.0,5,7.4,4.6,MOTO,0.0,0.0,0.0,0,0.0,5,7.4,7.4,MOTOTAXI,0.0,0.0,0.0,0,0.0,1,7.4,7.4,MOTOTAXI,0.0,0.0,0.0,0,0.0,3,7.4,7.4,MOTOTAXI,0.0,0.0,0.0,0,0.0,5,7.4,7.4,MOTOTAXI,0.0,0.0,0.0,0,0.0,0,7.4,7.4,MOTOTAXI,0.7426210800896427,0.1226210800896427,1.0,1,4.588,6,7.4,7.4,MOTOTAXI,0.0,0.0,0.0,0,0.0,3,7.4,7.4,MOTOTAXI,0.0,0.0,0.0,0,0.0,4,7.4,7.4,MOTOTAXI,0.0,0.0,0.0,0,0.0,1,0,0.28,50.468,14.131040000000002,45.88,4.588,39.915600000000005,2.15636,42.071960000000004,50.468
